<schemalist gettext-domain="darshan-panel">
	<schema id="org.darshan.panel.settings"  path="/org/darshan/panel/settings/">
        <key name="panelsize" type="i">
            <default>46</default>
            <summary>panelsize</summary>
            <description>the size of DARSHAN Panel</description>
        </key>
        <key name="iconsize" type="i">
            <default>32</default>
            <summary>IconSize</summary>
            <description>the size of darshan-panel's icon</description>
        </key>
        <key name="panelposition" type="i">
            <default>0</default>
            <summary>PanelPosition</summary>
            <description>The Position of darshan-panel</description>
        </key>
        <key name="showtaskview" type="b">
            <default>true</default>
            <summary>show TsskView</summary>
            <description>control taskview show or hide</description>
        </key>
	<key name="shownightmode" type="b">
            <default>true</default>
            <summary>show TsskView</summary>
            <description>control taskview show or hide</description>
        </key>

        <key name="quicklaunchlines" type="i">
            <default>1</default>
            <summary>show Quicklaunch Lines</summary>
            <description>show Quicklaunch Lines</description>
        </key>
        <key name="taskbarlines" type="i">
            <default>1</default>
            <summary>show Taskbar Lines</summary>
            <description>show Taskbar Lines</description>
        </key>
        <key name="traylines" type="i">
            <default>1</default>
            <summary>show Tray Lines</summary>
            <description>show Tray Lines</description>
        </key>
        <key name="panellines" type="i">
            <default>1</default>
            <summary>show Panel Lines</summary>
            <description>show Panel Lines</description>
    	</key>
	<key name="quicklaunchsize" type="i">
            <default>0</default>
            <summary>show Panel Quicklaunch size</summary>
            <description>show Panel Quicklaunch size</description>
   	 </key>
	 <key name="taskbarsize" type="i">
            <default>0</default>
            <summary>show Panel Taskbar size</summary>
            <description>show Panel Taskbar size</description>
    	 </key>
	 <key name="traysize" type="i">
            <default>0</default>
            <summary>show Panel Tray size</summary>
            <description>show Panel Tray size</description>
         </key>
	 <key name="statusnotifierbutton" type="b">
            <default>true</default>
            <summary>show Statusnotifier button</summary>
            <description>show Statusnotifier button</description>
         </key>
    </schema>
</schemalist>

