<!DOCTYPE node PUBLIC "-//freedesktop//DTD D-BUS Object Introspection 1.0//EN"
"http://www.freedesktop.org/standards/dbus/1.0/introspect.dtd">
<!--
    Based on https://specifications.freedesktop.org/desktop-entry-spec/1.1/ar01s07.html
-->
<node>
    <interface name='org.freedesktop.Application'>
        <method name='Activate'>
            <arg type='a{sv}' name='platform_data' direction='in'/>
            <annotation name="org.qtproject.QtDBus.QtTypeName.In0" value="QVariantMap"/>
        </method>
        <method name='Open'>
            <arg type='as' name='uris' direction='in'/>
            <arg type='a{sv}' name='platform_data' direction='in'/>
            <annotation name="org.qtproject.QtDBus.QtTypeName.In1" value="QVariantMap"/>
        </method>
        <method name='ActivateAction'>
            <arg type='s' name='action_name' direction='in'/>
            <arg type='av' name='parameter' direction='in'/>
            <arg type='a{sv}' name='platform_data' direction='in'/>
            <annotation name="org.qtproject.QtDBus.QtTypeName.In2" value="QVariantMap"/>
        </method>
    </interface>
</node>

